"Name","Description","Version"
"atmosphereCH4C",,1
"atmosphereCM",,1
"atmosphereN",,1
"bioCharCM",,1
"cropAnimProdCM",,1
"cropBgSOCM",,1
"cropBgSOProdCM",,1
"cropBiofuelProdCM",,1
"cropCortCM",,1
"cropDBgSOdCM",,1
"cropDCodrCM",,1
"cropDFidrCM",,1
"cropDGbflitCM",,1
"cropDLlitCM",,1
"cropDSlitCM",,1
"cropFirtCM",,1
"cropGbfCM",,1
"cropGbfProdCM",,1
"cropLeafCM",,1
"cropLeafProdCM",,1
"cropRBgSOdCM",,1
"cropRCodrCM",,1
"cropRFidrCM",,1
"cropRGbflitCM",,1
"cropRLlitCM",,1
"cropRSlitCM",,1
"cropStlkCM",,1
"cropStlkProdCM",,1
"grassAnimProdCM",,1
"grassBiofuelProdCM",,1
"grassDFidrCM",,1
"grassDGbflitCM",,1
"grassDLlitCM",,1
"grassDSlitCM",,1
"grassFirtCM",,1
"grassGbfCM",,1
"grassLeafCM",,1
"grassLeafProdCM",,1
"grassRFidrCM",,1
"grassRGbflitCM",,1
"grassRLlitCM",,1
"grassRSlitCM",,1
"grassStlkCM",,1
"grassStlkProdCM",,1
"initialValues",,1
"manureCM",,1
"soilBioF",,1
"soilBioS",,1
"soilDPM",,1
"soilHUM",,1
"soilIOM",,1
"soilRPM",,1
"treeBarkCM",,1
"treeBiofuelProdCM",,1
"treeBranCM",,1
"treeCortCM",,1
"treeDBlitCM",,1
"treeDCodrCM",,1
"treeDDdwdCM",,1
"treeDFidrCM",,1
"treeDLlitCM",,1
"treeDSDwdCM",,1
"treeFirtCM",,1
"treeLeafCM",,1
"treePaperCM",,1
"treePlantCM",,1
"treeRBlitCM",,1
"treeRCodrCM",,1
"treeRDdwdCM",,1
"treeRFidrCM",,1
"treeRLlitCM",,1
"treeRSDwdCM",,1
"treeSawnwoodCM",,1
"treeStemCM",,1
"treeWoodPanelCM",,1
